ID,actual_productivity
1,0.8345
2,0.4567
3,0.64279478
4,0.6578
5,0.7654
6,0.56420938
7,0.1234
8,0.654345
9,0.334467
10,0.875644
11,0.455667
12,0.34567
13,0.98765
14,0.233445
15,0.567654
16,0.45577
17,0.65432
18,0.235346
19,0.27643
20,0.219347
21,0.74293
22,0.674289
23,0.023948
24,0.564279
25,0.543872
26,0.5783047
27,0.64391
28,0.73549458
29,0.37924038
30,0.65932738